"URL","Source","Gönderildi"
"https://parlakbeton.com/wp-content/uploads/2025/03/beton-parlatma-makinesi.jpg.webp","cloudflare","02.24.2026T15:52:00-08:00"
"https://parlakbeton.com/wp-content/uploads/2024/04/turkiye-map.jpg.webp","cloudflare","02.24.2026T15:43:00-08:00"
"https://parlakbeton.com/wp-content/uploads/2025/09/parlak-beton-talasli-imalat.jpg.webp","cloudflare","02.24.2026T15:36:00-08:00"
"https://parlakbeton.com/robots.txt","cloudflare","02.24.2026T14:09:00-08:00"
"https://parlakbeton.com/wp-content/uploads/2025/03/beton-parlatma-makinesi-1-1024x488.jpg.webp","cloudflare","02.24.2026T10:49:00-08:00"
"https://parlakbeton.com/wp-content/uploads/2023/01/l-b-1.png.webp","cloudflare","02.24.2026T09:47:00-08:00"
"https://parlakbeton.com/wp-content/plugins/wp-mail-smtp/assets/images/dash-widget/wp/total.svg","cloudflare","02.24.2026T03:16:00-08:00"
"https://parlakbeton.com/wp-content/uploads/2025/09/parlak-beton-parlatma-25091309_1K.jpg.webp","cloudflare","02.24.2026T03:06:00-08:00"
"https://parlakbeton.com/docs/Parlak%2520Beton%2520Zemin%2520Teknolojileri%2520-%2520Brosur.pdf","cloudflare","02.24.2026T02:58:00-08:00"
"https://parlakbeton.com/wp-content/uploads/2025/01/oil-transformers.jpeg.webp","cloudflare","02.24.2026T01:39:00-08:00"
"https://parlakbeton.com/wp-content/themes/dt-the7/fonts/FontAwesome/webfonts/fa-regular-400.woff2","cloudflare","02.23.2026T22:45:00-08:00"
"https://parlakbeton.com/wp-content/uploads/2023/01/logo-main.png.webp","cloudflare","02.23.2026T20:42:00-08:00"
"https://parlakbeton.com/wp-content/uploads/2025/09/beton-parlatma-fiyat-etkenleri.jpg.webp","cloudflare","02.23.2026T03:51:00-08:00"
"https://parlakbeton.com/wp-content/uploads/2023/01/l-b-small.png.webp","cloudflare","02.23.2026T02:32:00-08:00"
"https://parlakbeton.com/wp-content/uploads/2024/12/mobil-robotlar-icin-zemin-001-1024x576.jpg.webp","cloudflare","02.22.2026T19:30:00-08:00"
"https://parlakbeton.com/wp-content/uploads/2025/09/beton-parlatma-sivi-gecirimi-yag.jpg.webp","cloudflare","02.22.2026T09:58:00-08:00"
"https://parlakbeton.com/wp-content/themes/dt-the7/images/the7-chevron-down.svg","cloudflare","02.22.2026T07:45:00-08:00"
"https://parlakbeton.com/wp-content/uploads/2023/01/beton-parlatma-1800x1400-002-1024x796.jpg.webp","cloudflare","02.22.2026T07:06:00-08:00"
"https://parlakbeton.com/wp-content/uploads/2023/01/lg-top-small-hd.png.webp","cloudflare","02.22.2026T06:57:00-08:00"
"https://parlakbeton.com/wp-content/themes/dt-the7/images/the7-chevron-right.svg","cloudflare","02.21.2026T19:39:00-08:00"
"https://parlakbeton.com/wp-content/uploads/2025/03/sirmersan-mermer-200x200-1.jpg.webp","cloudflare","02.21.2026T19:31:00-08:00"
"https://parlakbeton.com/wp-content/uploads/2025/03/euromek-elektrik-200x200-1.jpg.webp","cloudflare","02.21.2026T19:24:00-08:00"
"https://parlakbeton.com/wp-content/uploads/2024/12/ankara.jpg.webp","cloudflare","02.21.2026T18:17:00-08:00"
"https://parlakbeton.com/wp-content/uploads/2023/01/lg-top-small.png.webp","cloudflare","02.21.2026T16:56:00-08:00"
"https://parlakbeton.com/wp-content/uploads/2023/01/logo-main-small.png.webp","cloudflare","02.21.2026T03:38:00-08:00"
"https://parlakbeton.com/wp-content/uploads/2025/09/parlak-beton-talasli-imalat-yikama-768x432.jpg.webp","cloudflare","02.20.2026T19:30:00-08:00"
"https://parlakbeton.com/wp-content/uploads/2025/09/parlak-beton-talasli-imalat-yikama-300x169.jpg.webp","cloudflare","02.20.2026T19:21:00-08:00"
"https://parlakbeton.com/wp-content/uploads/2025/09/parlak-beton-talasli-imalat-yikama.jpg.webp","cloudflare","02.20.2026T19:09:00-08:00"
"https://parlakbeton.com/wp-content/uploads/2025/01/oil-transformers-1024x575.jpeg.webp","cloudflare","02.20.2026T17:13:00-08:00"
"https://parlakbeton.com/wp-content/themes/dt-the7/images/backgrounds/patterns/full/grid-light.png.webp","cloudflare","02.20.2026T15:50:00-08:00"
"https://parlakbeton.com/wp-content/uploads/2023/01/beton-parlatma-1800x1400-003-1024x796.jpg.webp","cloudflare","02.19.2026T22:52:00-08:00"
"https://parlakbeton.com/docs/Parlak%2520Beton%2520Zemin%2520Teknolojileri%2520-%2520Mobil%2520Robot%2520Kullanan%2520Fabrikalar%2520-%2520Brosur.pdf","cloudflare","02.19.2026T07:06:00-08:00"
"https://parlakbeton.com/wp-content/uploads/2025/09/parlak-beton-parlatma-25091113.jpg.webp","cloudflare","02.18.2026T06:46:00-08:00"
"https://parlakbeton.com/wp-content/uploads/2025/09/parlak-beton-parlatma-seviye-karsilastirma.jpg.webp","cloudflare","02.18.2026T04:37:00-08:00"
"https://parlakbeton.com/wp-content/themes/dt-the7/fonts/FontAwesome/webfonts/fa-brands-400.woff2","cloudflare","02.18.2026T04:17:00-08:00"
"https://parlakbeton.com/wp-content/uploads/2025/03/beton-parlatma-makinesi-1.jpg.webp","cloudflare","02.17.2026T20:28:00-08:00"
"https://parlakbeton.com/wp-content/plugins/Ultimate_VC_Addons/assets/css/fonts/ult-silk.eot","cloudflare","02.17.2026T16:29:00-08:00"
"https://parlakbeton.com/wp-content/uploads/2024/04/parlak-beton-garanti-02.jpg.webp","cloudflare","02.17.2026T05:34:00-08:00"
"https://parlakbeton.com/wp-content/uploads/2024/12/mobil-robotlar-icin-zemin-005.jpg.webp","cloudflare","02.16.2026T17:47:00-08:00"
"https://parlakbeton.com/wp-content/uploads/2024/12/mobil-robotlar-icin-zemin-001.jpg.webp","cloudflare","02.16.2026T13:46:00-08:00"
"https://parlakbeton.com/wp-content/uploads/2025/09/parlak-beton-uzerinde-su.jpg.webp","cloudflare","02.16.2026T11:43:00-08:00"
"https://parlakbeton.com/wp-content/uploads/2024/04/parlak-beton-debak-02.jpg.webp","cloudflare","02.16.2026T03:32:00-08:00"
"https://parlakbeton.com/wp-content/uploads/2024/09/Parlak-Beton-Zemin-Teknolojileri-Brosur-kapak-724x1024.webp","cloudflare","02.15.2026T23:04:00-08:00"
"https://parlakbeton.com/wp-content/uploads/2025/09/beton-parlatma-fiyat-etkenleri.webp","cloudflare","02.15.2026T01:05:00-08:00"
"https://parlakbeton.com/wp-content/uploads/2025/03/epoksi-zemin-temizligi-oncesi.jpg.webp","cloudflare","02.14.2026T14:13:00-08:00"
"https://parlakbeton.com/wp-content/uploads/2025/09/parlak-beton-parlatma-25091108.jpg.webp","cloudflare","02.14.2026T12:21:00-08:00"
"https://parlakbeton.com/wp-content/uploads/2024/04/parlak-beton-parlatma-135-1920x1080-1.jpg.webp","cloudflare","02.14.2026T10:49:00-08:00"
"https://parlakbeton.com/wp-content/uploads/2025/09/parlak-beton-uzerinde-su-768x432.jpg.webp","cloudflare","02.13.2026T15:22:00-08:00"
"https://parlakbeton.com/wp-content/themes/dt-the7/images/the7-chevron-left.svg","cloudflare","02.13.2026T02:25:00-08:00"
"https://parlakbeton.com/wp-content/plugins/wp-mail-smtp/assets/images/dash-widget/wp/unsent.svg","cloudflare","02.12.2026T22:42:00-08:00"
"https://parlakbeton.com/wp-content/uploads/2025/09/parlak-beton-parlatma-25091110.jpg.webp","cloudflare","02.12.2026T02:28:00-08:00"
"https://parlakbeton.com/wp-content/plugins/Ultimate_VC_Addons/assets/min-css/fonts/slick.svg","cloudflare","02.10.2026T03:05:00-08:00"
"https://parlakbeton.com/wp-content/plugins/Ultimate_VC_Addons/assets/min-css/fonts/ult-silk.woff","cloudflare","02.10.2026T02:59:00-08:00"
"https://parlakbeton.com/wp-content/themes/dt-the7/fonts/FontAwesome/webfonts/fa-regular-400.eot","cloudflare","02.10.2026T02:54:00-08:00"
"https://parlakbeton.com/wp-content/themes/dt-the7/fonts/FontAwesome/webfonts/fa-solid-900.woff","cloudflare","02.10.2026T02:48:00-08:00"
"https://parlakbeton.com/wp-content/themes/dt-the7/images/the7-check-circle-fill.svg","cloudflare","02.09.2026T17:25:00-08:00"
"https://parlakbeton.com/wp-content/uploads/2025/03/debak-bagalit-200x200_.jpg.webp","cloudflare","02.08.2026T16:27:00-08:00"
"https://parlakbeton.com/wp-content/uploads/2025/03/kansai-altan-200x200_.jpg.webp","cloudflare","02.08.2026T15:50:00-08:00"
"https://parlakbeton.com/wp-content/themes/dt-the7/fonts/FontAwesome/webfonts/fa-solid-900.woff2","cloudflare","02.08.2026T08:13:00-08:00"
"https://parlakbeton.com/wp-content/plugins/limit-login-attempts-reloaded/assets/css/fonts/CoFoSans-Regular.woff2","cloudflare","02.07.2026T00:45:00-08:00"
"https://parlakbeton.com/wp-content/uploads/2025/03/garanti-iplik-200x200-1.jpg.webp","cloudflare","02.06.2026T22:05:00-08:00"
"https://parlakbeton.com/wp-content/uploads/2025/03/akgun-elektrik-200x200_.jpg.webp","cloudflare","02.06.2026T21:12:00-08:00"
"https://parlakbeton.com/wp-content/uploads/2023/01/beton-parlatma-1800x1400-002.jpg.webp","cloudflare","02.06.2026T20:25:00-08:00"
"https://parlakbeton.com/wp-content/uploads/2023/01/beton-parlatma-1300x900-008.jpg.webp","cloudflare","02.06.2026T16:39:00-08:00"
"https://parlakbeton.com/wp-content/uploads/2025/03/zemin-yikama-makinesi.jpg.webp","cloudflare","02.06.2026T11:58:00-08:00"
"https://parlakbeton.com/wp-content/plugins/Ultimate_VC_Addons/admin/fonts/ultimate.woff","cloudflare","02.04.2026T18:52:00-08:00"
"https://parlakbeton.com/wp-content/uploads/2024/04/parlak-beton-garanti-01.jpg.webp","cloudflare","02.03.2026T23:55:00-08:00"
"https://parlakbeton.com/wp-content/plugins/click-to-chat-for-whatsapp/new/inc/assets/img/whatsapp-logo.svg","cloudflare","02.03.2026T21:35:00-08:00"
"https://parlakbeton.com/wp-content/plugins/js_composer/assets/vc/logo/wpb-logo-white_32.svg","cloudflare","02.03.2026T17:45:00-08:00"
"https://parlakbeton.com/wp-content/themes/dt-the7/images/fullscreen.svg","cloudflare","02.03.2026T12:46:00-08:00"
"https://parlakbeton.com/wp-content/themes/dt-the7/images/zoom-in.svg","cloudflare","02.01.2026T12:34:00-08:00"
"https://parlakbeton.com/wp-content/uploads/2024/04/parlak-beton-debak-01.jpg.webp","cloudflare","02.01.2026T08:10:00-08:00"
"https://parlakbeton.com/wp-content/uploads/2025/03/sabiha-gokcen-200x200_.jpg.webp","cloudflare","01.30.2026T07:05:00-08:00"
"https://parlakbeton.com/wp-content/uploads/2025/03/epoksi-zemin-temizligi-sonrasi.jpg.webp","cloudflare","01.29.2026T00:55:00-08:00"
"https://parlakbeton.com/wp-content/plugins/wordpress-seo/packages/js/images/Yoast_SEO_Icon.svg","cloudflare","01.26.2026T17:46:00-08:00"
"https://parlakbeton.com/wp-content/uploads/2025/09/parlak-beton-parlatma-seviye-karsilastirma-768x432.jpg.webp","cloudflare","01.26.2026T02:40:00-08:00"
"https://parlakbeton.com/wp-content/uploads/2025/03/tedak-elektrik-200x200-2.jpg.webp","cloudflare","01.26.2026T01:27:00-08:00"
"https://parlakbeton.com/wp-content/themes/dt-the7/images/zoom-out.svg","cloudflare","01.22.2026T03:08:00-08:00"
"https://parlakbeton.com/wp-content/plugins/wp-mail-smtp/assets/images/dash-widget/wp/delivered.svg","cloudflare","01.15.2026T06:56:00-08:00"
"https://parlakbeton.com/wp-content/uploads/2023/01/beton-parlatma-1800x1400-003.jpg.webp","cloudflare","01.14.2026T18:18:00-08:00"
"https://parlakbeton.com/wp-content/plugins/Ultimate_VC_Addons/assets/css/fonts/ult-silk.svg","cloudflare","01.14.2026T04:34:00-08:00"
"https://parlakbeton.com/wp-content/plugins/Ultimate_VC_Addons/assets/css/fonts/ult-silk.ttf","cloudflare","01.14.2026T04:21:00-08:00"
"https://parlakbeton.com/wp-content/plugins/litespeed-cache/assets/img/lscwp_grayscale_font-icon_22px.svg","cloudflare","01.12.2026T03:43:00-08:00"
"https://parlakbeton.com/wp-content/uploads/2024/04/parlak-beton-parlatma-032-1920x1080-1.jpg.webp","cloudflare","01.10.2026T09:23:00-08:00"
"https://parlakbeton.com/wp-content/uploads/2025/03/perfetti-van-melle-200x200_.jpg.webp","cloudflare","01.09.2026T07:57:00-08:00"
"https://parlakbeton.com/wp-content/themes/dt-the7/images/x-lg.svg","cloudflare","01.08.2026T10:58:00-08:00"
"https://parlakbeton.com/wp-content/plugins/litespeed-cache/assets/img/icons/empty-cache.svg","cloudflare","01.02.2026T23:14:00-08:00"
"https://parlakbeton.com/wp-content/plugins/litespeed-cache/assets/img/icons/purge-403.svg","cloudflare","01.02.2026T23:05:00-08:00"
"https://parlakbeton.com/wp-content/plugins/litespeed-cache/assets/img/icons/purge-404.svg","cloudflare","01.02.2026T22:56:00-08:00"
"https://parlakbeton.com/wp-content/plugins/litespeed-cache/assets/img/icons/purge-500.svg","cloudflare","01.02.2026T22:47:00-08:00"
"https://parlakbeton.com/wp-content/plugins/litespeed-cache/assets/img/icons/purge-all.svg","cloudflare","01.02.2026T22:38:00-08:00"
"https://parlakbeton.com/wp-content/plugins/litespeed-cache/assets/img/icons/purge-cssjs.svg","cloudflare","01.02.2026T22:29:00-08:00"
"https://parlakbeton.com/wp-content/plugins/litespeed-cache/assets/img/icons/purge-front.svg","cloudflare","01.02.2026T22:20:00-08:00"
"https://parlakbeton.com/wp-content/plugins/litespeed-cache/assets/img/icons/purge-pages.svg","cloudflare","01.02.2026T22:02:00-08:00"
"https://parlakbeton.com/wp-content/plugins/insert-headers-and-footers/admin/images/spinner.svg","cloudflare","01.02.2026T20:53:00-08:00"
